Country,"Fertility rate, total (births per woman)",Current health expenditure per capita (current US$),Diabetes prevalence (% of population ages 20 to 79),Domestic general government health expenditure per capita (current US$),Domestic private health expenditure per capita (current US$),"GNI per capita, Atlas method (current US$)","Immunization, DPT (% of children ages 12-23 months)","Immunization, HepB3 (% of one-year-old children)","Immunization, Hib3 (% of children ages 12-23 months)","Immunization, measles (% of children ages 12-23 months)","Immunization, Pol3 (% of one-year-old children)","Incidence of tuberculosis (per 100,000 people)","Labor force, total",Net migration,Out-of-pocket expenditure per capita (current US$),People using at least basic drinking water services (% of population),People using at least basic sanitation services (% of population),Population growth (annual %),"Population, total",Prevalence of overweight (% of adults),Prevalence of hypertension (% of adults ages 30-79),Rural population,Sex ratio at birth (male births per female births),"Total alcohol consumption per capita (liters of pure alcohol, projected estimates, 15+ years of age)","Tuberculosis death rate (per 100,000 people)",Tuberculosis treatment success rate (% of new cases),"Unemployment, total (% of total labor force)",Urban population growth (annual %),Urban population
Croatia,1.47,1040.08569336,10.5,848.11837236,191.87837091,22080.0,94.0,93.0,94.0,93.0,94.0,8.6,1733415.0,-5186.0,119.2433896,,96.1508301589796,0.1712144343961,3866300.0,62.38,48.4,1587309.0,1.06,8.54,0.91,24.0,5.236,0.800920268465332,2278991.0
Ethiopia,4.347,25.93511963,4.4,5.84531137,11.18534024,820.0,68.0,68.0,68.0,57.0,69.0,140.0,54470278.0,30069.0,9.80851022,47.2539785569372,8.65203916056794,2.58350411214521,132059767.0,9.76,27.4,100813106.0,1.056,3.36,19.0,90.0,3.398,4.73660424393762,31246661.0
Jordan,2.855,294.92785645,20.5,126.66507164,158.20213126,4430.0,89.0,89.0,89.0,87.0,87.0,5.5,3079844.0,-156369.0,106.17410561,98.9513662051964,97.2214886294743,0.988722042141178,11552876.0,70.08,37.7,900431.0,1.049,0.31,0.09,82.0,17.996,1.19064759002412,10652445.0
Lao PDR,2.589,67.57865143,6.7,24.95913629,28.28676618,2000.0,80.0,80.0,80.0,83.0,80.0,155.0,3584797.0,-10284.0,28.26969177,85.099831820973,78.948092429375,1.35832703035837,7769819.0,28.22,28.5,4746893.0,1.053,11.52,27.0,90.0,1.218,3.06666541664422,3022926.0
United Arab Emirates,1.247,1962.46728516,20.7,1004.27129642,958.19591654,49500.0,99.0,98.0,99.0,99.0,95.0,0.98,7090447.0,278439.0,240.04156615,100.0,99.0984800860555,3.68221866028066,10876981.0,71.32,41.4,1304368.0,1.047,2.37,0.67,81.0,2.133,3.94275453674315,9572613.0
Suriname,2.347,599.07025146,13.8,427.99640383,167.53968403,5870.0,77.0,77.0,77.0,64.0,76.0,29.0,255453.0,-1166.0,99.40589733,97.5417735351336,89.2491425915073,0.877853398525397,634431.0,56.4,42.9,212325.0,1.042,6.63,2.3,79.0,7.325,1.0615100478793,422106.0
Maldives,1.64,880.79962158,9.5,690.02194254,169.28319098,11650.0,98.0,98.0,98.0,99.0,99.0,36.0,270346.0,-2421.0,153.8195148,99.5272078072488,98.2684279207159,0.342572358181693,527799.0,48.62,34.1,303975.0,1.047,1.43,2.1,61.0,4.636,1.37612413886382,223824.0
Mauritania,4.984,54.63365555,5.2,19.45967919,33.4391928,2090.0,80.0,80.0,80.0,75.0,75.0,89.0,1209855.0,-2185.0,32.94027915,72.5443131435372,49.5893944954558,2.88395898961435,5169395.0,44.85,37.9,2147470.0,1.033,0.0,16.0,81.0,10.373,4.19083989495504,3021925.0
Tunisia,2.1,212.60031128,16.0,125.87926176,86.65806827,3900.0,98.0,98.0,98.0,98.0,98.0,35.0,4246885.0,-15221.0,75.63576989,96.1940901831773,96.3765731985838,0.626519256572759,12277109.0,56.0,34.7,3575094.0,1.056,2.01,1.2,90.0,16.203,1.10168916138058,8702015.0
Malta,1.14,2943.63208008,10.0,1840.07512732,1103.30648057,34660.0,98.0,98.0,98.0,96.0,98.0,22.0,318150.0,6323.0,1004.69329525,100.0,99.9644988230789,3.83316098582142,574346.0,64.65,29.5,28683.0,1.068,8.52,0.21,,2.703,3.9014819711169,545663.0
Romania,1.77,738.5581665,7.5,591.87914899,146.6790098,17600.0,88.0,90.0,88.0,90.0,88.0,65.0,8263006.0,-28466.0,139.41883148,99.9999996798846,86.5415830093919,0.0517246559346912,19069340.0,62.11,48.4,8604086.0,1.053,16.99,4.7,84.0,5.379,0.431458892013842,10465254.0
Rwanda,3.985,50.75216675,2.1,20.39737413,13.19004652,1040.0,98.0,98.0,98.0,96.0,98.0,57.0,5671034.0,-15582.0,5.93277862,62.4117359707321,71.2065248746041,2.14176839550509,14256567.0,17.7,29.8,11678837.0,1.027,1.88,4.9,87.0,11.994,3.19256888917772,2577730.0
Oman,2.696,730.08325195,17.0,639.17703908,90.90616016,19280.0,99.0,99.0,99.0,99.0,99.0,9.2,2695516.0,154219.0,43.5227944,91.8882639823975,99.3200376001363,4.49738628465102,5281538.0,63.94,45.6,581075.0,1.042,0.88,0.36,48.0,3.161,5.17157048090877,4700463.0
Tuvalu,3.331,1128.93554688,19.0,879.81962503,4.06102744,6880.0,92.0,92.0,92.0,96.0,92.0,296.0,,-280.0,3.46103508,99.1992660756145,83.499603826937,-1.74703857618302,9646.0,85.18,50.4,3190.0,1.069,1.25,24.0,87.0,,-0.70998909140659,6456.0
Burundi,5.271,22.24477386,4.3,5.59227403,5.23419373,190.0,93.0,93.0,93.0,92.0,93.0,107.0,6106804.0,-27074.0,4.94198955,62.094321278238,45.7452763887701,2.5839340108674,14047786.0,15.0,34.2,11918142.0,1.024,4.13,21.0,94.0,0.902,5.09541798113634,2129644.0
Equatorial Guinea,4.429,215.54243469,8.2,43.9841676,169.66716484,4740.0,62.0,62.0,62.0,51.0,63.0,286.0,714966.0,3891.0,164.61900705,,,2.40472649031131,1892516.0,37.73,38.1,475514.0,1.031,6.94,53.0,76.0,7.823,2.97529704287941,1417002.0
Germany,1.54,5488.53955078,7.8,4236.93291821,1251.60686936,54960.0,91.0,88.0,90.0,97.0,91.0,6.1,43772213.0,36954.0,726.02044273,99.9999995489977,99.2253840840528,-0.467077236996451,83510950.0,54.13,29.7,18460095.0,1.054,12.22,0.32,69.0,3.406,-0.300045080252953,65050855.0
Djibouti,2.798,68.27401733,6.5,36.38107497,20.42019334,3540.0,85.0,85.0,85.0,83.0,85.0,210.0,265171.0,-11.0,19.28325152,75.9957463626693,66.638239753157,1.3592172957681,1168722.0,27.49,34.2,248564.0,1.037,0.4,25.0,82.0,25.875,1.58803305903748,920158.0
Ukraine,1.218,242.81388855,6.0,108.75746001,132.40623271,5220.0,80.0,76.0,80.0,93.0,78.0,77.0,21427188.0,1146012.0,124.12383718,93.5115778266462,97.7415991917121,0.33702862573394,37860221.0,54.93,43.1,11250543.0,1.066,8.7,8.4,79.0,8.194,0.606302347210976,26609678.0
Costa Rica,1.6,930.43511963,9.8,674.89936683,255.52607567,15620.0,95.0,94.0,96.0,95.0,96.0,10.0,2357187.0,967.0,207.71559039,99.7975293659545,97.8532216953258,0.476482848761595,5129910.0,65.47,37.8,863518.0,1.043,3.45,0.77,,7.848,1.13393837175165,4266392.0
El Salvador,1.838,380.53384399,12.7,203.68691397,176.83615284,5120.0,96.0,96.0,96.0,96.0,97.0,60.0,2890348.0,-23102.0,143.35118291,97.8203480942147,86.8216058122908,0.451762522948611,6338193.0,64.98,32.7,1521420.0,1.048,3.28,0.97,90.0,2.839,1.24838310782066,4816773.0
South Africa,2.264,538.80426025,7.2,313.62231793,219.14482068,6100.0,85.0,85.0,85.0,83.0,85.0,615.0,27765994.0,166972.0,30.93337734,93.3882436903298,75.3796452913204,1.24951426055192,64007187.0,54.69,44.1,19651487.0,1.041,8.77,38.0,79.0,33.168,1.94312982083253,44355700.0
Portugal,1.44,2221.73120117,10.5,1350.26096116,869.82528714,26620.0,99.0,98.0,99.0,99.0,99.0,19.0,5464162.0,20648.0,680.01062296,99.2195941125794,99.6451165848976,1.16038052337763,10701636.0,54.6,32.3,3379256.0,1.05,10.45,1.8,71.0,6.384,1.91883573116931,7322380.0
Cote d'Ivoire,4.523,68.30471039,5.0,20.63144067,38.79444018,2510.0,79.0,79.0,79.0,71.0,79.0,137.0,12594667.0,7838.0,25.45065106,72.541058171011,34.7779674572536,2.43618201263834,31934230.0,32.63,37.3,14803432.0,1.03,2.8,21.0,84.0,2.288,3.36321639547342,17130798.0
Vanuatu,3.79,112.13746643,19.7,61.07442332,11.74514181,3940.0,90.0,90.0,90.0,80.0,90.0,41.0,118094.0,-43.0,8.58725213,90.0654259004521,48.3408689974498,2.27351944261437,327777.0,50.36,39.5,242073.0,1.07,1.87,5.4,85.0,5.064,2.93036541729069,85704.0
United States,1.706,10546.01367188,13.7,5470.11145508,5075.90192857,83660.0,94.0,91.0,91.0,90.0,93.0,2.9,174173594.0,1286132.0,1191.07644041,99.7446309234849,99.6844350554525,0.976421684505429,340110988.0,71.3,31.6,56067296.0,1.047,9.57,0.17,75.0,4.106,1.23659363787414,284043692.0
Bolivia,2.688,241.34619141,3.4,171.57260293,67.03740544,3690.0,75.0,75.0,75.0,79.0,75.0,106.0,6859259.0,-3000.0,57.9028079,92.5659538959925,63.8163098248026,1.37206798819615,12413315.0,62.26,28.3,3532209.0,1.042,4.1,10.0,83.0,3.091,1.87511109176737,8881106.0
Fiji,2.385,254.83047485,16.6,157.24529404,76.33595779,5680.0,97.0,97.0,97.0,96.0,97.0,66.0,387815.0,-3278.0,48.7976028,95.3833140482255,93.7099411678697,0.500721796949901,928784.0,64.1,38.6,379018.0,1.072,3.45,4.4,30.0,4.307,1.31332338557532,549766.0
Comoros,4.138,78.23674774,10.8,12.57189089,51.91858188,1690.0,78.0,78.0,78.0,76.0,71.0,35.0,276379.0,-2051.0,48.37218739,80.2105014769868,35.9066757549833,1.89182789744612,866628.0,40.17,33.2,603017.0,1.032,0.25,9.3,,3.875,2.83639289494958,263611.0
Marshall Islands,3.012,793.66851807,25.7,352.91552384,15.92502722,8380.0,79.0,82.0,72.0,85.0,78.0,645.0,,-1765.0,8.92603388,85.7156629279255,81.3284518768247,-3.34957664335036,37548.0,72.96,31.9,7807.0,1.07,,53.0,87.0,,-2.91921396683792,29741.0
Mali,5.892,31.4089489,4.8,9.18026044,17.20937229,1020.0,77.0,77.0,77.0,71.0,70.0,52.0,9126488.0,-46880.0,9.76166136,79.2797151051117,44.7976967244774,2.94115084753028,24478595.0,30.79,34.6,12989811.0,1.033,4.35,7.6,82.0,3.06,4.54122192381047,11488784.0
Belgium,1.6,5033.16601563,5.9,3787.68151297,1245.48456244,54840.0,97.0,97.0,97.0,96.0,98.0,9.0,5415520.0,36243.0,993.6971315,100.0,99.4861988308489,0.755750648123031,11876844.0,51.01,30.0,210933.0,1.046,10.28,0.29,81.0,5.488,0.79138569775605,11665911.0
Ireland,1.71,5462.73095703,3.6,4056.01129784,1406.71928415,77920.0,94.0,93.0,94.0,91.0,94.0,5.8,2856577.0,39059.0,662.77266951,96.0041044843285,89.3073908166857,1.35963868693502,5380257.0,64.19,32.3,1896003.0,1.054,11.7,0.14,4.0,4.369,1.81465598926847,3484254.0
Syrian Arab Republic,2.878,50.25953293,19.0,26.77650125,21.01233605,970.0,67.0,67.0,67.0,76.0,70.0,19.0,6616919.0,546494.0,21.01233741,93.8729434874618,93.9559318319375,4.46809539676654,24672760.0,70.29,41.1,10351703.0,1.053,0.2,0.13,89.0,12.962,5.56812338133909,14321057.0
"Venezuela, RB",2.131,112.7611084,8.6,41.87985935,70.75196984,,64.0,64.0,64.0,93.0,62.0,45.0,11135919.0,-105297.0,38.47580321,93.8628955693026,96.7597095990301,0.369232130679939,28405543.0,54.79,39.4,3265217.0,1.056,3.02,2.4,81.0,5.475,0.444964445346864,25140326.0
Central African Republic,6.09,35.76098633,7.6,3.77337779,22.01101844,520.0,42.0,42.0,42.0,41.0,46.0,540.0,2000171.0,-15357.0,21.65622811,38.2122671248287,14.4819824288711,3.40139844069992,5330690.0,21.83,41.3,2978257.0,1.032,1.99,98.0,81.0,5.899,4.5775349935302,2352433.0
Philippines,2.215,141.6925354,7.5,57.53314736,83.58426517,4470.0,84.0,82.0,84.0,83.0,85.0,554.0,50979290.0,-160373.0,69.12736773,93.6373567501473,81.2510265893959,0.825602488528657,115843670.0,32.62,33.8,59527428.0,1.08,6.18,27.0,86.0,2.153,1.50052162940451,56316242.0
Solomon Islands,3.8,98.67025757,12.0,72.47213478,3.59682121,2080.0,94.0,94.0,94.0,81.0,93.0,61.0,435634.0,1610.0,3.54086952,67.1538021706971,34.4924126004925,2.37078352276169,819198.0,54.98,29.8,602209.0,1.07,1.62,7.3,95.0,1.47,4.08817151525319,216989.0
St. Lucia,1.424,493.95703125,11.4,245.29783017,243.5333158,12800.0,92.0,92.0,92.0,96.0,91.0,3.9,102438.0,-7.0,211.66333843,96.8875059264097,83.3723216143083,0.255689791113258,179744.0,60.86,39.8,145043.0,1.031,9.47,0.98,67.0,10.928,0.949713250544823,34701.0
Nauru,3.531,1213.86804199,21.8,1086.26205025,38.99612848,21260.0,96.0,96.0,96.0,95.0,96.0,169.0,,-121.0,9.74905454,97.003356247305,65.9320445778152,0.604485091438176,11947.0,88.91,41.8,0.0,1.072,2.94,15.0,94.0,,0.604485091438176,11947.0
San Marino,1.096,3801.21044922,8.6,3374.68300332,426.52756826,43770.0,88.0,87.0,86.0,86.0,88.0,0.0,,37.0,426.52756686,100.0,100.0,0.344944841346899,33977.0,,,703.0,1.066,,0.0,,,0.442765139531347,33274.0
South Sudan,4.26,35.07043839,4.6,3.91716068,17.9460022,,61.0,61.0,61.0,65.0,61.0,227.0,4348731.0,15374.0,14.84345233,40.841655390804,15.747277681583,3.92792442239756,11943408.0,22.36,34.2,9368409.0,1.035,,34.0,85.0,12.709,5.63538258159784,2574999.0
Russian Federation,1.504,650.47058105,5.9,397.77517834,252.69534409,15320.0,97.0,97.0,,98.0,96.0,50.0,72516535.0,-178042.0,237.90144377,96.7955268787445,88.7074197923604,-0.203423663777625,143533851.0,57.48,44.3,35096897.0,1.058,10.42,5.5,68.0,2.527,0.0842244706528432,108436954.0
North Macedonia,1.34,469.47344971,7.4,282.84876871,186.62470339,8360.0,92.0,92.0,92.0,75.0,92.0,12.0,779211.0,-5728.0,183.50808028,97.7256237924336,97.8791714606684,-1.96896135535325,1792179.0,60.6,45.1,719237.0,1.08,4.62,0.44,89.0,13.417,-1.31708220597118,1072942.0
Bosnia and Herzegovina,1.509,546.4508667,10.3,375.53892962,162.48425261,8630.0,73.0,80.0,65.0,65.0,74.0,27.0,1355710.0,-4497.0,160.39869304,96.1237006211931,,-0.655819991673837,3164253.0,55.87,44.2,1559724.0,1.068,6.38,2.8,32.0,10.723,0.213686426566387,1604529.0
Finland,1.35,4459.9296875,6.9,3576.53564749,883.11006819,51710.0,91.0,,91.0,96.0,91.0,4.7,2898358.0,26894.0,777.09786447,100.0,99.4479650642653,0.950054489694466,5637214.0,54.93,35.9,796426.0,1.051,9.16,0.53,38.0,8.26,1.06540010368679,4840788.0
Georgia,2.021,306.46075439,6.7,125.08383912,179.75812933,8200.0,94.0,94.0,94.0,99.0,94.0,74.0,1832929.0,1745.0,143.32480396,94.4360269319349,86.5320783368937,-1.1268524654221,3673850.0,63.72,44.5,1426850.0,1.07,14.33,3.8,85.0,11.48,-0.413075351851438,2247000.0
Andorra,1.045,3021.43261719,10.1,2154.82026195,866.61239614,48870.0,99.0,98.0,98.0,99.0,99.0,7.5,,988.0,384.99845713,99.9999967920626,99.9999967920626,1.32930689449906,81938.0,48.13,31.0,10040.0,1.063,11.05,0.0,60.0,,1.29771050300546,71898.0
Nepal,2.08,53.61107254,7.7,13.30052833,33.92577679,1470.0,93.0,93.0,93.0,92.0,92.0,238.0,8435336.0,-401282.0,31.04785251,90.2863663521825,72.8801279481259,-0.146800968936231,29651054.0,27.44,36.1,23019299.0,1.052,1.36,58.0,89.0,10.706,1.94504115407114,6631755.0
Malawi,3.952,36.91519165,5.7,8.8854186,7.90612083,540.0,95.0,95.0,95.0,92.0,94.0,146.0,8601901.0,-1507.0,4.37599918,69.4648756261317,42.8038378125311,2.57641467045761,21655286.0,22.47,29.5,17627836.0,1.014,3.24,14.0,88.0,5.045,4.30106865693401,4027450.0
Belize,2.142,299.69824219,14.1,206.12044341,84.75344485,7640.0,98.0,98.0,98.0,96.0,98.0,27.0,189961.0,490.0,68.10582419,98.4005497674635,88.1985036524971,1.44077799785791,417072.0,71.16,38.0,221724.0,1.052,5.71,1.8,66.0,7.0,1.93309650958278,195348.0
Mauritius,1.4,639.18286133,20.1,281.08156849,357.09978031,12850.0,96.0,97.0,97.0,99.0,97.0,12.0,594884.0,-2787.0,301.22373909,99.9621987210459,,-0.121560785435973,1259509.0,50.23,33.1,743816.0,1.035,7.52,1.3,79.0,5.476,0.0665345698779699,515693.0
Iraq,3.48,241.73873901,13.4,119.34751688,121.10375805,6030.0,84.0,84.0,84.0,86.0,85.0,28.0,12008181.0,-17735.0,121.10376351,97.7787852249274,97.8648532741405,2.12476784890538,46042015.0,71.67,48.1,12959446.0,1.057,0.24,2.1,94.0,15.524,2.47889459041468,33082569.0
Turkmenistan,2.834,432.78118896,7.1,78.56551675,353.7762865,8390.0,99.0,99.0,99.0,99.0,99.0,45.0,2444797.0,14646.0,331.66529435,99.79292325362,99.00213592626,1.75064111797897,7494498.0,55.33,39.0,3408198.0,1.068,2.93,10.0,83.0,4.304,2.71078743440228,4086300.0
"Congo, Rep.",4.38,58.42106628,8.1,25.61217073,28.71329844,2410.0,79.0,79.0,79.0,73.0,78.0,373.0,2563444.0,-2491.0,24.63735248,73.5958698078761,20.3642631107744,2.39829082784283,6332961.0,23.78,39.8,1922814.0,1.025,6.4,52.0,72.0,19.694,3.04658907824074,4410147.0
Singapore,1.14,2893.78222656,11.4,1512.06102848,1381.72116312,74750.0,97.0,96.0,96.0,96.0,97.0,42.0,3722265.0,20011.0,831.53683581,100.0,100.0,1.99449365639324,6036860.0,38.49,31.5,0.0,1.059,1.87,0.42,79.0,3.182,1.99449365639326,6036860.0
Saudi Arabia,2.49,1504.55249023,23.1,1110.1483721,394.40417786,35570.0,96.0,96.0,96.0,95.0,97.0,11.0,17168015.0,122170.0,171.58027356,98.6603423033735,95.3235759880439,4.63120232685885,35300280.0,71.08,34.0,5234679.0,1.051,0.0,0.64,90.0,3.896,4.89101589915873,30065601.0
Morocco,2.342,177.84625244,11.9,72.03907914,104.49820851,3760.0,99.0,99.0,99.0,99.0,99.0,97.0,12475182.0,-46802.0,82.13205835,84.9818507597581,86.3282340120945,0.972827595296714,38081173.0,53.36,35.3,13083549.0,1.047,0.49,7.9,89.0,8.943,1.77121669466128,24997624.0
Austria,1.46,5263.390625,5.4,3941.44858584,1321.94216651,54160.0,85.0,85.0,85.0,95.0,85.0,6.0,4768178.0,8813.0,942.94692249,99.9999965908061,99.9727098850505,0.510327486072338,9178482.0,44.8,33.8,3688006.0,1.054,11.97,0.45,74.0,5.439,0.994625653348628,5490476.0
Uganda,4.744,33.36559677,2.2,5.04379338,14.3016351,1020.0,93.0,93.0,93.0,87.0,92.0,200.0,22829059.0,-117924.0,12.76577324,54.3266872423468,20.4080904532095,2.75373170025335,50015092.0,21.26,32.5,36316458.0,1.028,12.21,16.0,82.0,2.941,5.03595842729182,13698634.0
Mozambique,5.016,41.01906586,3.0,9.47888607,6.39308224,550.0,85.0,85.0,85.0,83.0,84.0,361.0,15172714.0,-38940.0,3.9829635,57.5753680766886,33.350311214661,2.91994049442347,34631766.0,24.59,38.6,21012478.0,1.02,2.03,19.0,94.0,3.527,4.38770545499138,13619288.0
Sierra Leone,4.192,48.13619995,4.8,6.55219883,26.09004208,840.0,95.0,95.0,95.0,93.0,95.0,295.0,2863312.0,-11000.0,25.45915808,61.9298092529535,20.0997387688789,2.1226891332086,8642022.0,21.75,40.8,4772211.0,1.033,0.26,31.0,88.0,3.126,3.19814366026277,3869811.0
Montenegro,1.8,754.77441406,10.7,459.16769135,295.60670999,12020.0,85.0,62.0,85.0,33.0,85.0,15.0,245288.0,-1686.0,291.01301208,98.6814038394913,97.5022993595498,0.0484222687758048,623831.0,49.09,45.1,194386.0,1.077,10.34,0.2,95.0,14.1,0.54052608035804,429445.0
Libya,2.539,552.73168945,15.8,394.07827253,154.85971876,6310.0,73.0,73.0,73.0,73.0,73.0,59.0,2584879.0,3448.0,154.85970248,99.8915237987819,92.1060022089555,1.02629935747641,7381023.0,66.71,42.7,1335448.0,1.057,0.008,12.0,70.0,18.615,1.39447574815819,6045575.0
Seychelles,2.36,692.09197998,9.3,504.03373145,188.05820109,17460.0,99.0,99.0,99.0,99.0,99.0,14.0,,1747.0,173.44788484,96.2933996249077,100.0,1.31136094801067,121354.0,59.39,44.3,49461.0,1.036,11.99,0.87,57.0,,2.02756642018783,71893.0
Mexico,2.02,549.72601318,16.4,270.28539045,279.44058975,12800.0,82.0,56.0,82.0,73.0,82.0,23.0,60958888.0,-104581.0,232.43619471,99.1153530172831,90.7765580654672,0.860515443690537,130861007.0,72.05,32.1,23735569.0,1.039,5.72,1.8,72.0,2.711,1.20314137259482,107125438.0
Guinea,4.576,42.16910172,4.6,9.49816282,28.11817231,1470.0,47.0,47.0,47.0,47.0,48.0,176.0,4534264.0,-12024.0,24.9706137,67.6752472334276,27.606397594017,2.39595802290484,14754785.0,26.31,40.9,9071684.0,1.045,0.47,19.0,89.0,5.23,3.52389488078414,5683101.0
Jamaica,1.39,341.90777588,12.5,223.090646,113.37266563,6490.0,96.0,96.0,96.0,94.0,96.0,3.2,1570210.0,-10506.0,56.2077952,90.997352554366,86.6316041352183,-0.0215180207209529,2839175.0,59.08,46.3,1199211.0,1.04,3.6,0.24,66.0,4.885,0.645507683426489,1639964.0
"Gambia, The",4.33,23.21861267,5.5,9.50421633,7.39377799,890.0,88.0,88.0,88.0,85.0,88.0,158.0,783147.0,-2989.0,4.71310516,83.8990207770481,47.2014093324921,2.27730257212036,2759988.0,37.51,37.6,963788.0,1.032,1.11,19.0,84.0,6.496,3.21589674058409,1796200.0
Senegal,4.1,64.33670807,3.8,15.13759586,36.79642283,1680.0,96.0,95.0,95.0,86.0,97.0,117.0,5763236.0,-10307.0,31.36196091,82.6975294805221,57.0490341820529,2.32058603495657,18501984.0,28.66,40.5,9236190.0,1.031,0.41,16.0,91.0,2.992,3.3260265526015,9265794.0
Chad,6.412,30.23999405,7.3,4.59026275,19.8741655,970.0,50.0,50.0,50.0,40.0,46.0,142.0,6599919.0,204040.0,19.26193657,50.4980643454126,12.2940188961564,4.94853027382671,20299123.0,19.77,37.9,15287067.0,1.042,3.73,22.0,80.0,1.088,6.27353263233479,5012056.0
"Egypt, Arab Rep.",2.87,142.69670105,22.4,40.24599244,100.9704648,3510.0,95.0,95.0,95.0,95.0,95.0,12.0,33748776.0,123884.0,89.19465981,98.7614152226307,97.2005582635653,1.73324205302065,116538258.0,72.56,38.2,66126138.0,1.053,0.15,0.43,87.0,7.198,2.09916123919195,50412120.0
Albania,1.395,366.34014893,10.6,156.35488737,207.55073894,8690.0,99.0,99.0,99.0,95.0,99.0,16.0,1369710.0,-24472.0,206.66062667,94.7582247174548,99.1830688799465,-1.14842353492312,2714617.0,60.93,41.8,939800.0,1.081,5.11,0.29,88.0,10.25,0.0471709154127424,1774817.0
Cuba,1.54,1023.39715576,9.4,911.00330121,111.04025383,9010.0,99.0,99.0,99.0,99.0,99.0,6.5,4858882.0,-22356.0,111.04024762,94.1484823370466,90.6561903272549,-0.364986968189241,10979783.0,53.07,39.9,2453213.0,1.075,6.01,0.31,82.0,1.53,-0.192283968762651,8526570.0
"Iran, Islamic Rep.",1.766,225.23252869,9.0,100.15821384,125.04621535,4660.0,99.0,99.0,99.0,99.0,99.0,13.0,28574661.0,190156.0,87.58752064,97.3236128720162,90.0210873435845,1.05286922170537,91567738.0,58.63,26.2,20421437.0,1.056,0.7,1.0,85.0,9.192,1.62206783443733,71146301.0
Spain,1.23,2713.62255859,9.7,1913.46013834,800.16249627,33410.0,95.0,95.0,96.0,98.0,95.0,9.9,24386307.0,111674.0,593.13454905,99.9258382744694,99.9193565738972,0.945355767423027,48807137.0,51.29,27.2,8881923.0,1.059,10.91,0.47,47.0,11.394,1.25143809575998,39925214.0
Tanzania,4.866,39.98176956,9.8,16.20863437,9.05018071,1200.0,91.0,91.0,91.0,89.0,87.0,237.0,32982660.0,-29865.0,8.72763031,56.5658481263889,29.099388976813,2.87426672866542,68560157.0,29.61,33.2,42414056.0,1.03,10.36,35.0,93.0,2.576,4.79900590670818,26146101.0
Malaysia,1.777,419.32568359,21.1,219.4521194,199.87356525,11670.0,98.0,97.0,98.0,97.0,98.0,92.0,18264000.0,174770.0,151.2199859,97.0903674239334,95.8802336493616,1.22058891015438,35557673.0,52.41,40.8,7395640.0,1.067,0.76,5.1,80.0,3.826,1.83483804898449,28162033.0
Honduras,2.611,183.75006104,5.0,72.48589623,106.39773856,3020.0,88.0,88.0,88.0,89.0,88.0,31.0,4295619.0,-4821.0,96.14970545,94.6068475212683,81.952553182089,1.68469129774697,10825703.0,61.74,33.9,4241727.0,1.051,3.17,4.6,89.0,6.061,2.68609858085011,6583976.0
Azerbaijan,1.81,199.25746155,10.2,50.94737249,147.73052458,7310.0,94.0,94.0,94.0,98.0,96.0,60.0,5019885.0,10864.0,142.15307752,95.667747770716,96.1290294533043,0.48035128110511,10202850.0,60.28,41.0,4285503.0,1.134,1.97,5.9,84.0,5.594,1.20716979468198,5917347.0
Benin,4.9,28.372015,8.1,3.52190993,16.50198928,1430.0,72.0,72.0,72.0,58.0,69.0,55.0,6397139.0,-7725.0,14.43934211,66.672267150753,18.6298545928192,2.46175361912328,14462724.0,28.53,31.2,7134606.0,1.04,8.35,7.8,89.0,1.722,3.59108680283364,7328118.0
Angola,5.442,64.61397552,4.9,29.33039764,32.73193872,2220.0,57.0,57.0,57.0,51.0,56.0,351.0,15960547.0,-2629.0,21.3595956,56.8830374949169,51.3936226824603,3.04419972245653,37885849.0,30.22,38.7,11638154.0,1.026,6.17,53.0,69.0,14.464,3.9038199496298,26247695.0
Indonesia,2.205,118.22380829,11.3,57.41171538,60.14313629,4910.0,85.0,85.0,85.0,88.0,85.0,312.0,143143940.0,-38469.0,40.8463409,91.8137421547406,82.0727007179025,0.813871513351669,283487931.0,34.12,40.3,115651736.0,1.06,0.11,34.0,83.0,3.3,1.88710578487195,167836195.0
Dominica,1.504,465.63766479,12.9,300.15431803,162.13516817,10220.0,99.0,99.0,99.0,92.0,99.0,16.0,,-200.0,157.66325304,,,-0.459632350460969,66205.0,57.14,47.7,18331.0,1.036,6.1,3.0,,,-0.0355035768361578,47874.0
Bulgaria,1.79,697.8961792,7.4,412.84511231,285.05106225,15320.0,93.0,93.0,92.0,95.0,93.0,23.0,3123797.0,524.0,263.77360256,99.1448780003009,86.0247237413144,-0.0345978837303822,6444366.0,51.39,45.2,1479820.0,1.06,11.92,1.4,82.0,4.104,0.402497225743077,4964546.0
Pakistan,3.81,36.01374817,31.4,11.92729539,21.45365495,1430.0,84.0,84.0,84.0,81.0,84.0,263.0,83643815.0,-1401173.0,20.19759608,90.1906503511874,65.3899355736604,1.50959876314033,251269164.0,49.86,43.2,154869749.0,1.055,0.1,19.0,93.0,5.472,2.36033369009023,96399415.0
West Bank and Gaza,3.591,317.45007324,15.5,126.55153328,153.53097593,3080.0,99.0,99.0,99.0,99.0,99.0,0.53,1254446.0,-23145.0,122.84229516,97.5865067324122,98.153109880908,2.36027908447521,5289152.0,68.62,39.1,1170119.0,1.051,,0.06,86.0,25.34,2.73979221618127,4119033.0
Samoa,4.061,242.9050293,25.4,185.94863899,28.87890028,4650.0,68.0,68.0,68.0,96.0,68.0,9.9,57239.0,-2754.0,27.10244319,96.4228349677627,96.8442592798373,0.62390639530784,218019.0,86.93,38.3,180040.0,1.076,2.39,0.86,89.0,4.551,0.121192975103533,37979.0
Sao Tome and Principe,3.9,106.86884308,12.1,43.5287584,20.22685731,2770.0,95.0,95.0,95.0,95.0,95.0,114.0,34471.0,-604.0,18.15834616,77.335780426244,45.1201003296246,2.0004655038868,235536.0,40.08,45.1,54140.0,1.027,5.01,19.0,70.0,9.17,2.79963726734165,181396.0
Somalia,6.56,12.87221336,5.8,0.70091391,5.9587302,600.0,42.0,42.0,42.0,46.0,47.0,258.0,3439353.0,26859.0,5.84477786,54.9344082547372,38.2309061647547,3.48215481810475,19009151.0,32.34,36.1,9786101.0,1.044,0.0,66.0,92.0,18.861,4.72441060423926,9223050.0
St. Kitts and Nevis,1.568,1223.83544922,13.8,602.80614148,621.02930425,22310.0,97.0,97.0,97.0,97.0,97.0,4.9,,-7.0,567.46761217,,,0.181622041143753,46843.0,73.96,45.1,32218.0,1.037,6.34,1.9,100.0,,0.582892101254693,14625.0
Eswatini,2.925,320.05084229,7.9,167.95304845,77.66098297,3580.0,90.0,90.0,90.0,81.0,89.0,363.0,390566.0,-6754.0,29.49903937,70.4275345963468,64.5214314372907,0.995913343966098,1242822.0,54.53,42.5,931955.0,1.03,8.09,22.0,86.0,34.4,1.89156959316136,310867.0
Liberia,4.257,51.1932373,9.2,8.28228745,30.28153908,760.0,70.0,70.0,70.0,68.0,69.0,308.0,2606936.0,-7779.0,27.9892619,74.1609602963714,20.7619736101479,2.15725346515291,5612817.0,34.95,39.4,2577574.0,1.039,3.64,56.0,75.0,2.882,3.10482398442784,3035243.0
Puerto Rico (US),0.982,,10.9,,,25930.0,,,,,,1.3,1151595.0,11561.0,,100.0,100.0,-0.0155140706220036,3203295.0,72.13,42.6,202961.0,1.053,,0.16,83.0,5.472,0.0164995243011451,3000334.0
Madagascar,4.221,15.50084877,4.6,3.41221107,6.16927319,510.0,70.0,70.0,70.0,60.0,69.0,233.0,16519381.0,-1795.0,5.30511553,51.1722061354795,13.1693371507898,2.43524760129506,31964956.0,15.19,36.9,18785485.0,1.039,1.02,44.0,82.0,3.012,4.08591552757813,13179471.0
Latvia,1.61,1183.1151123,7.1,708.17818715,471.79322302,21930.0,99.0,99.0,99.0,99.0,99.0,24.0,954883.0,-2225.0,415.33261892,98.7382545669579,92.4131252688765,-0.802381703529138,1862441.0,57.91,43.9,580802.0,1.069,13.09,3.4,,6.72,-0.592868278583368,1281639.0
New Zealand,1.72,4059.05639648,6.7,3069.59602274,989.46021245,46280.0,92.0,92.0,91.0,92.0,92.0,7.2,3124165.0,18766.0,492.22434033,100.0,100.0,1.76694727879595,5338500.0,66.5,30.9,689147.0,1.052,9.89,0.26,83.0,4.869,1.88873790729625,4649353.0
Eritrea,3.997,28.42930794,4.4,4.53627948,13.20276213,,95.0,95.0,95.0,93.0,95.0,86.0,1709561.0,-12696.0,13.20276233,,,1.86168851424672,3535603.0,15.46,23.7,1983084.0,1.032,1.23,16.0,93.0,5.553,3.33915208683711,1552519.0
Belarus,1.382,400.11621094,5.1,281.60586919,117.95185946,8240.0,98.0,97.0,91.0,98.0,98.0,29.0,4817451.0,-3119.0,102.78998428,98.3919868544727,99.3407614255289,-0.48696006725267,9133712.0,54.91,49.2,1723988.0,1.058,10.9,2.4,89.0,3.361,-0.000107966176351525,7409724.0
Guatemala,2.593,278.59024048,13.2,107.04856274,169.12584506,5780.0,88.0,88.0,88.0,90.0,88.0,26.0,7575261.0,-7725.0,155.9803897,93.5077090807793,68.2436687072873,1.54129399660934,18406359.0,60.9,32.2,8551226.0,1.038,1.63,2.1,85.0,2.219,2.37401466688263,9855133.0
Kuwait,2.082,1643.16491699,25.6,1448.41896689,194.7459563,40250.0,92.0,92.0,92.0,97.0,97.0,20.0,3002559.0,61624.0,176.15658044,100.0,100.0,2.45127885912436,4973861.0,77.65,40.5,0.0,1.05,0.0,0.39,74.0,2.144,2.45127885912436,4973861.0
Armenia,1.6,533.69952393,7.7,66.20586604,462.18191385,7780.0,92.0,92.0,92.0,95.0,94.0,26.0,1510047.0,-29966.0,452.54680898,99.9281719305937,93.8578716530954,2.30761515133256,3033500.0,54.07,47.3,1094214.0,1.104,4.98,1.2,82.0,13.329,2.60526067446792,1939286.0
Kazakhstan,2.89,263.61331177,6.8,158.00516307,105.60816049,12150.0,97.0,97.0,97.0,99.0,97.0,68.0,10285416.0,-7368.0,89.26956177,95.4270288711281,97.8696948845301,1.28276364646616,20592571.0,51.83,41.9,8569187.0,1.066,4.52,2.4,90.0,4.794,1.63964155827714,12023384.0
Sri Lanka,2.022,154.87071228,10.2,73.29157113,79.4997437,3860.0,99.0,99.0,99.0,99.0,99.0,64.0,8498980.0,-27245.0,70.47765398,88.3914085074832,92.487940769035,-0.550589519145017,21916000.0,35.15,35.6,17660789.0,1.044,2.83,3.3,85.0,4.996,0.510866152385044,4255211.0
Japan,1.36,4431.29980469,8.1,3720.69443495,710.60537077,36030.0,98.0,99.0,98.0,96.0,98.0,13.0,69382089.0,153357.0,571.71618563,99.0623169265831,99.9465277383563,-0.435651699326323,123975371.0,23.24,31.4,9751903.0,1.052,6.68,2.6,66.0,2.563,-0.336833844891499,114223468.0
Qatar,1.731,2007.51525879,24.6,1715.94417918,291.57116353,76720.0,98.0,98.0,98.0,99.0,99.0,35.0,2122959.0,46105.0,128.28628838,99.9705334233432,99.9365458669077,7.32265165181291,2857822.0,75.73,40.9,17518.0,1.037,1.15,0.28,73.0,0.126,7.35587776747717,2840304.0
Mongolia,3.0,197.57131958,10.3,93.17155167,88.00169665,5350.0,98.0,98.0,98.0,98.0,98.0,428.0,1449106.0,83.0,85.16861805,81.4356125956715,67.7923396064621,1.24590299529718,3524788.0,55.74,42.8,1083414.0,1.05,7.93,10.0,88.0,5.424,1.49745022446902,2441374.0
Hungary,1.55,1054.28076172,8.3,720.34193511,333.93884477,20690.0,99.0,,99.0,99.0,99.0,6.2,4953933.0,16223.0,292.9494072,100.0,97.9861353715644,-0.311906071341713,9562314.0,60.76,48.3,2564708.0,1.057,10.6,0.65,65.0,4.434,0.119483620823841,6997606.0
Kiribati,3.29,177.93025208,24.6,161.56135615,5.71032991,3620.0,97.0,97.0,97.0,94.0,94.0,414.0,,-471.0,1.12195386,73.7493673795618,44.0010104812494,1.48889841912877,134518.0,78.46,42.3,55895.0,1.072,0.76,37.0,92.0,,2.6694029018204,78623.0
Paraguay,2.525,416.84432983,9.4,193.19676697,223.62125536,6290.0,86.0,86.0,86.0,87.0,84.0,46.0,3502274.0,-12451.0,174.94019368,99.5911140188522,91.7156741252874,1.23438951533718,6929153.0,66.76,56.4,2529903.0,1.05,5.6,3.9,67.0,6.093,1.77135000240791,4399250.0
Lesotho,2.924,236.44024658,6.2,72.69077603,17.70508059,1170.0,87.0,87.0,87.0,90.0,87.0,654.0,884160.0,-5107.0,17.20855148,72.8773752061875,48.4279247089124,1.11644894351979,2337423.0,40.57,40.1,1615229.0,1.027,4.54,57.0,78.0,16.147,2.68885460661251,722194.0
Ecuador,2.035,484.47195435,4.9,303.70302597,180.51130007,6430.0,85.0,85.0,85.0,83.0,85.0,46.0,8820523.0,-19704.0,149.87703447,95.0112246263964,90.0032406646583,0.860548498593581,18135478.0,64.66,27.2,6342158.0,1.046,3.26,3.3,80.0,4.773,1.22567036413318,11793320.0
Kyrgyz Republic,3.3,61.39657974,7.6,31.57121039,28.39916028,2150.0,95.0,95.0,94.0,96.0,96.0,110.0,3197379.0,3645.0,28.35381771,89.8588080901834,97.7777140188615,1.74342348060281,7224614.0,56.08,40.9,4467268.0,1.057,4.95,4.4,81.0,3.289,2.70438647972752,2757346.0
Cameroon,4.651,56.79493713,6.9,6.32829881,43.05654015,1680.0,67.0,67.0,67.0,61.0,68.0,179.0,11118837.0,-13892.0,40.99957399,67.9904842171552,42.4008580058119,2.61268294319567,29123744.0,38.07,36.8,11680951.0,1.031,10.1,29.0,86.0,3.518,3.58075760279752,17442793.0
Bhutan,1.448,115.71811676,12.0,85.13131815,22.52724849,3370.0,97.0,97.0,97.0,97.0,97.0,164.0,406457.0,-277.0,20.58675001,98.872312239386,75.403670277365,0.651370664586926,791524.0,42.84,43.4,435338.0,1.048,0.2,18.0,94.0,2.856,2.10633251754532,356186.0
Canada,1.47,5103.84130859,7.7,3547.29015165,1556.55137262,53340.0,91.0,84.0,92.0,90.0,92.0,5.8,22867596.0,368599.0,789.49666279,99.2216549751961,98.7573271465461,2.96220294420494,41288599.0,59.01,22.1,7440206.0,1.053,9.9,0.21,79.0,6.45,3.1062418205964,33848393.0
"Korea, Rep.",0.918,2592.47851563,9.6,1499.2304191,1093.24826746,33830.0,98.0,98.0,98.0,98.0,98.0,58.0,29713473.0,75963.0,844.57745306,99.7657984771461,99.8540106204028,0.0743178674548815,51751065.0,34.25,26.7,9574982.0,1.056,8.19,3.7,83.0,2.604,0.125866108163057,42176083.0
Lithuania,1.43,1369.97949219,7.5,891.70282825,473.33688918,26950.0,92.0,92.0,92.0,93.0,92.0,41.0,1547740.0,2617.0,442.09547157,98.0014728864191,93.7683252267195,0.571912303276281,2888055.0,57.83,48.0,897145.0,1.052,11.79,4.2,87.0,7.504,0.923580249748532,1990910.0
Namibia,3.404,397.42849731,5.3,171.47416313,191.6106805,4240.0,87.0,87.0,87.0,80.0,84.0,486.0,1130939.0,4211.0,31.54868249,84.8394848926625,34.9607746948101,2.23715227334598,3030131.0,35.16,43.8,1339469.0,1.011,5.93,57.0,87.0,19.148,3.87979149424348,1690662.0
Bahrain,1.843,1030.26379395,22.1,600.37062918,429.89315973,28810.0,99.0,99.0,99.0,99.0,99.0,14.0,913340.0,22699.0,308.8664327,99.921837339959,100.0,0.733546811160036,1588670.0,67.65,38.7,158883.0,1.04,1.58,0.51,17.0,1.102,0.878100134989872,1429787.0
Chile,1.43,1348.99401855,12.2,691.55450938,657.43959153,15750.0,96.0,96.0,96.0,95.0,96.0,17.0,10088445.0,58316.0,436.28772146,100.0,100.0,0.537425495656651,19764771.0,76.21,36.1,2348845.0,1.041,6.75,1.6,74.0,9.056,0.655522845916899,17415926.0
Slovak Republic,1.57,1342.07580566,7.1,1057.76821277,284.30761112,23900.0,97.0,97.0,97.0,96.0,97.0,4.5,2779407.0,-21027.0,257.1331659,99.7878178521954,97.5318448286994,-0.0861108401600769,5422069.0,59.09,42.7,2484826.0,1.053,10.48,0.27,94.0,5.234,0.181900387308457,2937243.0
Viet Nam,1.943,171.15296936,3.4,69.52231544,99.95200594,4490.0,89.0,89.0,89.0,95.0,89.0,176.0,57133476.0,-59645.0,77.21960397,95.9890536474813,86.6378024979776,0.631267006487247,100987686.0,15.41,29.7,60395686.0,1.115,9.34,9.8,91.0,1.431,2.42610658649119,40592000.0
Estonia,1.66,1599.3503418,6.9,1189.42264281,409.59566706,28700.0,91.0,91.0,91.0,88.0,91.0,13.0,756167.0,-7742.0,382.63787842,99.9872873090016,99.0771583771511,0.123984799303149,1371986.0,56.15,40.2,411335.0,1.061,11.26,1.2,76.0,7.828,0.422898450478426,960651.0
Argentina,1.882,1011.08013916,14.0,612.39601799,396.38448478,13440.0,83.0,83.0,83.0,86.0,83.0,29.0,22285744.0,3454.0,242.06773774,,,0.345829819817895,45696159.0,66.05,47.5,3391112.0,1.052,8.04,1.4,47.0,7.876,0.471206008710255,42305047.0
"Korea, Dem. People's Rep.",1.825,,9.9,,,,97.0,97.0,97.0,98.0,98.0,513.0,17637357.0,-2473.0,,93.8236859124211,84.6194906759029,0.304699893187806,26498823.0,33.92,26.5,9671275.0,1.06,4.29,,84.0,2.859,0.77824333955038,16827548.0
Panama,2.288,1339.45153809,11.1,760.01072943,578.33296464,17960.0,88.0,88.0,88.0,97.0,88.0,37.0,2205785.0,6706.0,503.89064829,94.182498815948,83.3785517603304,1.26624987466078,4515577.0,68.97,36.1,1359731.0,1.059,6.6,4.8,83.0,6.518,1.80567728791701,3155846.0
Zimbabwe,3.748,55.10725403,1.5,7.86121479,13.1153355,2260.0,90.0,90.0,90.0,85.0,90.0,199.0,6386440.0,-60528.0,5.00559626,63.0949538019092,35.7743358079873,1.7804822981922,16634373.0,32.78,42.3,11199923.0,1.023,3.63,11.0,84.0,8.554,2.24990987115322,5434450.0
Australia,1.657,5529.19482422,7.4,4079.73088641,1449.4638642,62550.0,95.0,95.0,95.0,94.0,95.0,6.8,14911672.0,138510.0,813.15610779,99.9698543658953,100.0,2.05004113352233,27204809.0,63.0,29.3,3604637.0,1.058,10.09,0.18,86.0,4.072,2.20347308455882,23600172.0
"Yemen, Rep.",4.603,43.06481552,5.5,3.55895343,31.98451715,,60.0,60.0,60.0,54.0,59.0,48.0,7847788.0,-10482.0,31.56484478,59.7165798384097,53.6269388377599,2.98210396880689,40583164.0,35.22,29.3,24156317.0,1.059,0.028,6.5,85.0,17.086,4.59094394149364,16426847.0
Niger,6.537,31.89424324,4.1,11.38316508,15.64759629,660.0,81.0,81.0,81.0,79.0,81.0,84.0,10486041.0,-4041.0,14.70174376,47.3666848215679,14.7900382805354,3.28101480132484,27032412.0,16.91,41.5,22374187.0,1.04,0.13,16.0,83.0,0.355,4.31933743088246,4658225.0
Luxembourg,1.34,6221.73876953,5.8,5342.75189951,796.15092399,91470.0,99.0,96.0,99.0,99.0,99.0,8.9,349964.0,5677.0,596.5227216,99.8767046171651,97.5942628469242,1.67946888266941,677717.0,51.59,30.5,52415.0,1.048,11.53,0.23,36.0,5.935,1.88344441893605,625302.0
Switzerland,1.48,9646.91308594,5.3,3232.68217,6414.23119786,95900.0,96.0,69.0,95.0,95.0,96.0,5.4,5152970.0,40099.0,2112.32791814,99.9999987245773,99.899872396117,1.62940120193868,9034102.0,40.88,21.9,2319325.0,1.051,10.4,0.1,68.0,4.11,1.79771511632462,6714777.0
Barbados,1.715,1168.11938477,13.2,524.24959818,633.49704138,23660.0,90.0,90.0,90.0,92.0,91.0,0.0,147247.0,-70.0,545.43747375,98.5144504186196,98.0924623115578,0.0463878564204179,282467.0,65.81,41.8,193354.0,1.035,9.47,0.87,,7.529,0.43747996245802,89113.0
Lebanon,2.327,779.60778809,12.3,384.29187533,368.84372018,8630.0,76.0,74.0,78.0,81.0,73.0,15.0,2042509.0,-17267.0,239.42785047,92.6,99.0673793809694,0.560805065461567,5805962.0,64.29,38.1,603646.0,1.052,1.48,1.0,80.0,11.301,0.751831740405999,5202316.0
Sudan,4.617,33.70681,19.0,7.65215815,23.84892967,720.0,93.0,93.0,93.0,90.0,93.0,67.0,10731215.0,-544257.0,22.70949014,61.6056535311679,36.7782607644713,0.808373216038761,50448963.0,36.87,40.8,31907960.0,1.041,0.005,9.9,83.0,11.658,1.93022930430759,18541003.0
Tonga,3.274,260.73986816,19.6,139.14756202,21.51198432,4940.0,99.0,99.0,99.0,99.0,99.0,11.0,34784.0,-2149.0,12.33001973,98.7003534529294,94.5244604319356,-0.404269322267007,104175.0,89.64,43.3,79996.0,1.081,0.38,0.9,100.0,2.192,-0.190066993835604,24179.0
Botswana,2.906,438.28546143,4.6,313.07052014,83.29886009,7750.0,95.0,95.0,95.0,97.0,96.0,253.0,1173186.0,-5778.0,19.70491939,92.2214029742791,79.751688865621,1.63538411022867,2521139.0,40.48,44.1,668354.0,1.032,8.16,28.0,72.0,23.138,2.48675132598612,1852785.0
France,1.86,4508.76074219,6.5,3377.60585968,1131.15472418,45180.0,96.0,93.0,96.0,92.0,96.0,9.0,31725232.0,90527.0,437.48525164,100.0,98.6484145544858,0.335095323008513,68516699.0,35.76,29.1,12302858.0,1.047,11.3,0.55,12.0,7.37,0.661062424539315,56213841.0
Czechia,1.71,1805.44030762,7.6,1526.63381613,278.80653931,29140.0,97.0,97.0,97.0,92.0,97.0,5.0,5541179.0,-86169.0,258.34084521,99.8804688935076,99.1371345347108,0.166668192097377,10882164.0,58.4,41.6,2749052.0,1.05,13.29,0.21,74.0,2.506,0.415846046839682,8133112.0
Nicaragua,2.321,166.49009705,10.4,102.50521696,58.01795277,2510.0,98.0,98.0,98.0,99.0,99.0,43.0,3224663.0,-8189.0,55.30403116,81.6122389735586,72.9693990502626,1.34687135560209,6916140.0,65.77,35.8,2755736.0,1.035,4.17,1.5,88.0,4.574,1.85685858800569,4160404.0
Uruguay,1.567,1692.50195313,7.8,1127.21565263,565.28631767,21580.0,94.0,94.0,94.0,96.0,93.0,36.0,1767639.0,-1348.0,261.68548233,99.4872379896577,97.7678001669948,-0.0440759548302792,3386588.0,65.05,42.4,140476.0,1.058,5.45,2.5,73.0,8.401,0.0404565712858641,3246112.0
Slovenia,1.61,2219.09790039,7.0,1605.97139936,613.1265648,31640.0,95.0,,95.0,94.0,95.0,5.4,1058286.0,3319.0,258.77432426,99.5,98.4178934010152,0.27611493046776,2126324.0,54.4,45.3,926269.0,1.067,10.98,0.68,70.0,3.357,0.898231059174394,1200055.0
"Bahamas, The",1.397,1941.60742188,8.9,1007.76237854,924.14217681,31630.0,89.0,89.0,89.0,83.0,89.0,15.0,237110.0,1018.0,518.97222615,98.8869604973405,94.9305823307593,0.460334786075668,401283.0,74.23,44.5,65152.0,1.028,4.39,0.58,75.0,8.463,0.626416816115178,336131.0
Algeria,2.997,242.07002258,17.5,146.38565972,95.5741952,5320.0,88.0,88.0,88.0,80.0,88.0,61.0,13294279.0,-31240.0,91.80025631,94.2391398601614,86.1385043463065,1.39838651912702,46814308.0,55.58,36.2,11353406.0,1.046,0.61,6.6,86.0,11.427,2.03408385092412,35460902.0
India,2.12,60.6913681,10.5,21.28210144,39.07150655,2650.0,91.0,91.0,91.0,95.0,90.0,202.0,607691498.0,-630830.0,31.56206614,91.5622211412629,69.6631460883283,0.890706546985984,1450935791.0,26.47,31.1,916019293.0,1.082,4.92,23.0,84.0,4.202,2.26446328423312,534916498.0
Brunei Darussalam,1.819,677.82629395,13.7,640.49040236,37.33593166,36150.0,99.0,99.0,99.0,97.0,99.0,63.0,233520.0,0.0,37.33592746,99.9000453399775,95.8309192020188,0.81851878860359,462721.0,66.09,46.4,95140.0,1.082,0.41,4.1,75.0,5.144,1.18413884401508,367581.0
Serbia,1.52,641.02966309,10.5,374.04771452,256.46750446,11570.0,97.0,94.0,97.0,87.0,97.0,14.0,3229504.0,-8132.0,237.40902764,94.9123598279511,97.8970216521443,-0.54473944514548,6587202.0,53.34,46.1,2808058.0,1.069,7.89,0.73,85.0,7.39,-0.0940247043453342,3779144.0
Guyana,2.521,314.0977478,16.4,186.01511896,119.57990546,20220.0,99.0,99.0,99.0,98.0,97.0,77.0,292190.0,-5407.0,110.00879141,94.9483638235288,89.1498898157526,0.571243951310838,831087.0,54.51,40.0,604067.0,1.037,5.35,11.0,71.0,10.165,1.13673329169945,227020.0
Cabo Verde,1.698,195.76327515,6.8,122.40632655,60.33403966,5000.0,96.0,96.0,96.0,98.0,97.0,49.0,224498.0,-1209.0,55.24322562,88.5908710915054,78.8249564795012,0.486246288487151,524877.0,44.09,44.1,165798.0,1.033,6.27,4.3,89.0,11.878,1.1168325335273,359079.0
Trinidad and Tobago,1.578,1097.20556641,12.4,504.48000303,592.02975812,20000.0,93.0,93.0,93.0,99.0,93.0,17.0,649891.0,1334.0,514.73047847,98.8751707692306,93.9152110121169,0.0601642729371072,1368333.0,57.11,42.4,635426.0,1.041,6.06,1.5,61.0,4.546,0.290088753538807,732907.0
Brazil,1.705,868.17248535,10.6,353.70026674,513.20573502,9950.0,70.0,72.0,72.0,91.0,85.0,46.0,106790403.0,-225510.0,215.999997,98.9355439518362,89.298795927984,0.405467027627251,211998573.0,59.91,45.0,25405909.0,1.045,7.67,2.5,69.0,7.634,0.664847024770479,186592664.0
Grenada,1.542,515.94726563,11.3,213.5535841,301.91766607,10550.0,94.0,94.0,94.0,94.0,94.0,3.1,,-192.0,280.78343925,,,0.107559936614412,117207.0,58.21,46.6,73527.0,1.041,8.06,1.1,33.0,,0.668437867694504,43680.0
Bangladesh,2.18,47.84217072,13.2,9.46826743,35.71238614,2820.0,98.0,98.0,98.0,97.0,98.0,221.0,77355168.0,-473362.0,34.47037958,97.8251365713411,54.9102399606066,1.21462115417186,173562364.0,23.44,28.8,102002601.0,1.051,0.005,24.0,95.0,4.68,3.06772756682046,71559763.0
St. Vincent and the Grenadines,1.864,372.05615234,8.6,250.85019319,115.36615372,11020.0,97.0,98.0,98.0,99.0,99.0,4.2,52149.0,-737.0,104.51020779,,,-0.700214310937747,100616.0,59.76,39.3,45554.0,1.034,7.16,0.98,100.0,18.056,0.0817594682123322,55062.0
Myanmar,2.206,53.72147369,6.7,8.57371805,41.16816006,1220.0,90.0,90.0,90.0,84.0,90.0,322.0,22741699.0,-37979.0,41.13124356,78.9093353384479,73.1653187541976,0.674364862610485,54500091.0,25.27,37.8,36803911.0,1.067,2.12,36.0,88.0,3.032,1.78304805428229,17696180.0
Nigeria,4.861,67.6254425,3.0,10.64177071,49.04002485,1250.0,66.0,66.0,66.0,58.0,66.0,219.0,113349564.0,-35202.0,48.35017884,74.7241263304551,43.27675278374,2.08297776184189,232679478.0,32.56,36.1,104635961.0,1.038,4.21,63.0,88.0,2.989,3.44971685567002,128043517.0
"Congo, Dem. Rep.",6.253,19.20812035,7.7,3.03834808,8.71191751,640.0,73.0,73.0,73.0,65.0,74.0,320.0,38546033.0,-26968.0,7.39455033,35.678057309253,16.4166624601584,3.24257627586721,109276265.0,19.96,34.3,56763556.0,1.021,2.12,49.0,92.0,4.556,4.52218796060245,52512709.0
Haiti,2.862,49.32995987,8.5,5.13920596,23.34536491,1760.0,51.0,51.0,51.0,65.0,51.0,170.0,5281030.0,-31747.0,19.25757359,66.3209862141568,36.9385275856622,1.15472671204546,11772557.0,28.88,42.9,4653456.0,1.03,3.45,8.9,84.0,15.058,2.51330530909527,7119101.0
Afghanistan,5.238,74.0642395,11.7,2.48218497,56.89494105,520.0,65.0,65.0,65.0,57.0,71.0,189.0,9132918.0,-44089.0,56.89493912,73.7846429967308,51.0034810931108,2.83657317243522,42647492.0,43.77,40.2,31019653.0,1.053,0.016,26.0,91.0,13.295,4.06172661982306,11627839.0
